,Make,Model,Speed [kts],Speed [mph],GPH,NMPG,MPG,Engine,Source,Seats,Seat NMPG
0,Lancair,Lancair 320,202.55830560000000,233.1,11.8,17.165958101694900,,,CAFE Foundation,2,34.3319162033898
1,Lancair,Lancair 320,191.609208,220.5,10.7,17.90740261682240,,,CAFE Foundation,2,35.8148052336448
2,Lancair,Lancair 320,192.21749120000000,221.2,9.3,20.668547440860200,,,CAFE Foundation,2,41.3370948817204
3,Lancair,Lancair 320,193.4340576,222.6,7.8,24.799238153846200,,,CAFE Foundation,2,49.5984763076924
4,Lancair,Lancair 320,181.9635744,209.4,9.5,19.154060463157900,,,CAFE Foundation,2,38.3081209263158
5,Lancair,Lancair 320,184.39670720000000,212.2,9.0,20.48852302222220,,,CAFE Foundation,2,40.9770460444444
6,Lancair,Lancair 320,186.0477616,214.1,8.4,22.148543047619000,,,CAFE Foundation,2,44.297086095238
7,Lancair,Lancair 320,183.6146288,211.3,7.8,23.540337025641000,,,CAFE Foundation,2,47.080674051282
8,Lancair,Lancair 320,197.257552,227.0,13.3,14.831394887218000,,,CAFE Foundation,2,29.662789774436
9,Lancair,Lancair 320,197.5182448,227.3,12.7,15.552617700787400,,,CAFE Foundation,2,31.1052354015748
10,Lancair,Lancair 320,197.69204,227.5,12.1,16.33818512396690,,,CAFE Foundation,2,32.6763702479338
11,Lancair,Lancair 320,197.77893760000000,227.6,11.3,17.50256084955750,,,CAFE Foundation,2,35.005121699115
12,Lancair,Lancair 320,198.7348112,228.7,8.3,23.943953156626500,,,CAFE Foundation,2,47.887906313253
13,Lancair,Lancair 320,186.395352,214.5,11.9,15.663474957983200,,,CAFE Foundation,2,31.3269499159664
14,Lancair,Lancair 320,186.1346592,214.2,11.2,16.619166,,,CAFE Foundation,2,33.238332
15,Lancair,Lancair 320,189.871256,218.5,10.6,17.912382641509400,,,CAFE Foundation,2,35.8247652830188
16,Lancair,Lancair 320,190.1319488,218.8,8.8,21.60590327272730,,,CAFE Foundation,2,43.2118065454546
17,Lancair,Lancair 320,187.9595088,216.3,7.2,26.105487333333300,,,CAFE Foundation,2,52.2109746666666
18,Lancair,Lancair 320,127.1311888,146.3,5.2,24.44830553846150,,,CAFE Foundation,2,48.896611076923
19,Lancair,Lancair 320,183.0932432,210.7,12.1,15.131672991735500,,,CAFE Foundation,2,30.263345983471
20,Lancair,Lancair 320,187.1774304,215.4,11.5,16.276298295652200,,,CAFE Foundation,2,32.5525965913044
21,Lancair,Lancair 320,192.65197920000000,221.7,8.2,23.494143804878000,,,CAFE Foundation,2,46.988287609756
22,Lancair,Lancair 320,193.34716,222.5,7.9,24.474324050632900,,,CAFE Foundation,2,48.9486481012658
23,Lancair,Lancair 320,180.747008,208.0,9.7,18.633712164948500,,,CAFE Foundation,2,37.267424329897
24,Lancair,Lancair 320,183.353936,211.0,9.3,19.71547698924730,,,CAFE Foundation,2,39.4309539784946
25,Lancair,Lancair 320,181.7897792,209.2,7.0,25.96996845714290,,,CAFE Foundation,2,51.9399369142858
0,Cozy,Cozy MK IV,161.7164336,186.1,10.1,16.01152807920790,,,CAFE Foundation,4,64.0461123168316
1,Cozy,Cozy MK IV,166.1482112,191.2,9.5,17.489285389473700,,,CAFE Foundation,4,69.9571415578948
2,Cozy,Cozy MK IV,166.4958016,191.6,8.9,18.707393438202200,,,CAFE Foundation,4,74.8295737528088
3,Cozy,Cozy MK IV,167.8861632,193.2,8.5,19.75131331764710,,,CAFE Foundation,4,79.0052532705884
4,Cozy,Cozy MK IV,169.45032,195.0,8.2,20.66467317073170,,,CAFE Foundation,4,82.6586926829268
5,Cozy,Cozy MK IV,166.58269920000000,191.7,7.9,21.08641762025320,,,CAFE Foundation,4,84.3456704810128
6,Cozy,Cozy MK IV,166.408904,191.5,7.0,23.772700571428600,,,CAFE Foundation,4,95.0908022857144
7,Cozy,Cozy MK IV,161.7164336,186.1,6.5,24.87945132307690,,,CAFE Foundation,4,99.5178052923076
8,Cozy,Cozy MK IV,172.4048384,198.4,11.0,15.673167127272700,,,CAFE Foundation,4,62.6926685090908
9,Cozy,Cozy MK IV,173.7952,200.0,10.5,16.55192380952380,,,CAFE Foundation,4,66.2076952380952
10,Cozy,Cozy MK IV,176.6628208,203.3,10.0,17.66628208,,,CAFE Foundation,4,70.66512832
11,Cozy,Cozy MK IV,172.491736,198.5,9.3,18.547498494623700,,,CAFE Foundation,4,74.1899939784948
12,Cozy,Cozy MK IV,171.4489648,197.3,9.0,19.04988497777780,,,CAFE Foundation,4,76.1995399111112
13,Cozy,Cozy MK IV,163.54128320000000,188.2,8.3,19.70376906024100,,,CAFE Foundation,4,78.815076240964
14,Cozy,Cozy MK IV,177.3580016,204.1,10.7,16.5755141682243,,,CAFE Foundation,4,66.3020566728972
15,Cozy,Cozy MK IV,182.3111648,209.8,12.9,14.132648434108500,,,CAFE Foundation,4,56.530593736434
0,Vans,Vans RV-9A,167.0171872,192.2,14.0,11.929799085714300,,,CAFE Foundation,2,23.8595981714286
1,Vans,Vans RV-9A,166.408904,191.5,10.7,15.55223401869160,,,CAFE Foundation,2,31.1044680373832
2,Vans,Vans RV-9A,160.76056,185.0,8.4,19.138161904761900,,,CAFE Foundation,2,38.2763238095238
3,Vans,Vans RV-9A,161.7164336,186.1,8.2,19.721516292682900,,,CAFE Foundation,2,39.4430325853658
4,Vans,Vans RV-9A,162.064024,186.5,7.8,20.777438974359000,,,CAFE Foundation,2,41.554877948718
5,Vans,Vans RV-9A,160.76056,185.0,7.3,22.021994520547900,,,CAFE Foundation,2,44.0439890410958
6,Vans,Vans RV-9A,158.2405296,182.1,6.3,25.11754438095240,,,CAFE Foundation,2,50.2350887619048
7,Vans,Vans RV-9A,153.9825472,177.2,5.9,26.09873681355930,,,CAFE Foundation,2,52.1974736271186
8,Vans,Vans RV-9A,153.54805920000000,176.7,7.8,19.685648615384600,,,CAFE Foundation,2,39.3712972307692
9,Vans,Vans RV-9A,154.5908304,177.9,7.6,20.340898736842100,,,CAFE Foundation,2,40.6817974736842
10,Vans,Vans RV-9A,156.06808960000000,179.6,7.4,21.090282378378400,,,CAFE Foundation,2,42.1805647567568
11,Vans,Vans RV-9A,158.76191520000000,182.7,7.1,22.36083312676060,,,CAFE Foundation,2,44.7216662535212
12,Vans,Vans RV-9A,155.8073968,179.3,6.8,22.912852470588200,,,CAFE Foundation,2,45.8257049411764
13,Vans,Vans RV-9A,150.50664320000000,173.2,6.4,23.516663000000000,,,CAFE Foundation,2,47.033326
14,Vans,Vans RV-9A,166.7564944,191.9,9.8,17.01596881632650,,,CAFE Foundation,2,34.031937632653
15,Vans,Vans RV-9A,167.5385728,192.8,9.7,17.272017814433000,,,CAFE Foundation,2,34.544035628866
16,Vans,Vans RV-9A,166.408904,191.5,9.1,18.286692747252700,,,CAFE Foundation,2,36.5733854945054
17,Vans,Vans RV-9A,163.4543856,188.1,7.5,21.79391808,,,CAFE Foundation,2,43.58783616
18,Vans,Vans RV-9A,156.06808960000000,179.6,6.1,25.584932721311500,,,CAFE Foundation,2,51.169865442623
19,Vans,Vans RV-9A,161.1081504,185.4,7.9,20.39343675949370,,,CAFE Foundation,2,40.7868735189874
20,Vans,Vans RV-9A,161.1081504,185.4,7.7,20.923136415584400,,,CAFE Foundation,2,41.8462728311688
21,Vans,Vans RV-9A,159.7177888,183.8,7.3,21.87914915068490,,,CAFE Foundation,2,43.7582983013698
22,Vans,Vans RV-9A,158.9357104,182.9,6.7,23.721747820895500,,,CAFE Foundation,2,47.443495641791
0,Lancair,Lancair IV-P,235.14490560000000,270.6,23.3,10.092056034334800,,,CAFE Foundation,4,40.3682241373392
1,Lancair,Lancair IV-P,236.1876768,271.8,22.6,10.450782159292000,,,CAFE Foundation,4,41.803128637168
2,Lancair,Lancair IV-P,248.8747264,286.4,21.7,11.468881400921700,,,CAFE Foundation,4,45.8755256036868
3,Lancair,Lancair IV-P,264.6900896,304.6,23.0,11.508264765217400,,,CAFE Foundation,4,46.0330590608696
4,Lancair,Lancair IV-P,275.89988,317.5,22.3,12.372191928251100,,,CAFE Foundation,4,49.4887677130044
5,Lancair,Lancair IV-P,286.327592,329.5,32.9,8.70296632218845,,,CAFE Foundation,4,34.8118652887538
6,Lancair,Lancair IV-P,278.94129600000000,321.0,25.1,11.113199043824700,,,CAFE Foundation,4,44.4527961752988
7,Lancair,Lancair IV-P,276.4212656,318.1,25.9,10.672635737451700,,,CAFE Foundation,4,42.6905429498068
0,Rutan,Rutan Long EZ,160,,,30,,,POH,2,60
1,Rutan,Rutan Long EZ,160,,,24,,,POH,2,48
2,Rutan,Rutan Long EZ,160,,,21,,,POH,2,42
3,Rutan,Rutan Long EZ,140,,,34,,,POH,2,68
4,Rutan,Rutan Long EZ,140,,,29,,,POH,2,58
5,Rutan,Rutan Long EZ,140,,,25,,,POH,2,50
6,Rutan,Rutan Long EZ,120,,,39,,,POH,2,78
7,Rutan,Rutan Long EZ,120,,,34,,,POH,2,68
8,Rutan,Rutan Long EZ,120,,,29,,,POH,2,58
9,Rutan,Rutan Long EZ,100,,,39,,,POH,2,78
10,Rutan,Rutan Long EZ,100,,,34,,,POH,2,68
0,Diamond,Diamond DA-62,170,,19.3,8.808290155440410,,,POH,7,61.6580310880829
1,Diamond,Diamond DA-62,154,,14.8,10.405405405405400,,,POH,7,72.8378378378378
2,Diamond,Diamond DA-62,140,,11.8,11.864406779661000,,,POH,7,83.050847457627
3,Diamond,Diamond DA-62,121,,9.0,13.444444444444400,,,POH,7,94.1111111111108
4,Diamond,Diamond DA-62,173,,19.3,8.963730569948190,,,POH,7,62.7461139896373
5,Diamond,Diamond DA-62,157,,14.8,10.608108108108100,,,POH,7,74.2567567567567
6,Diamond,Diamond DA-62,143,,11.8,12.118644067796600,,,POH,7,84.8305084745762
7,Diamond,Diamond DA-62,123,,9.0,13.666666666666700,,,POH,7,95.6666666666669
8,Diamond,Diamond DA-62,176,,19.3,9.119170984455960,,,POH,7,63.8341968911917
9,Diamond,Diamond DA-62,160,,14.8,10.81081081081080,,,POH,7,75.6756756756756
10,Diamond,Diamond DA-62,145,,11.8,12.288135593220300,,,POH,7,86.0169491525421
11,Diamond,Diamond DA-62,125,,9.0,13.88888888888890,,,POH,7,97.2222222222223
12,Diamond,Diamond DA-62,180,,19.3,9.32642487046632,,,POH,7,65.2849740932642
13,Diamond,Diamond DA-62,163,,14.8,11.013513513513500,,,POH,7,77.0945945945945
14,Diamond,Diamond DA-62,148,,11.8,12.54237288135590,,,POH,7,87.7966101694913
15,Diamond,Diamond DA-62,127,,9.0,14.11111111111110,,,POH,7,98.7777777777777
16,Diamond,Diamond DA-62,183,,19.3,9.481865284974090,,,POH,7,66.3730569948186
17,Diamond,Diamond DA-62,166,,14.8,11.216216216216200,,,POH,7,78.5135135135134
18,Diamond,Diamond DA-62,150,,11.8,12.711864406779700,,,POH,7,88.9830508474579
19,Diamond,Diamond DA-62,129,,8.9,14.494382022471900,,,POH,7,101.460674157303
20,Diamond,Diamond DA-62,187,,19.3,9.689119170984460,,,POH,7,67.8238341968912
21,Diamond,Diamond DA-62,169,,14.8,11.418918918918900,,,POH,7,79.9324324324323
22,Diamond,Diamond DA-62,153,,11.8,12.966101694915300,,,POH,7,90.7627118644071
23,Diamond,Diamond DA-62,139,,9.7,14.329896907216500,,,POH,7,100.309278350516
24,Diamond,Diamond DA-62,188,,18.7,10.053475935828900,,,POH,7,70.3743315508023
25,Diamond,Diamond DA-62,172,,14.8,11.621621621621600,,,POH,7,81.3513513513512
26,Diamond,Diamond DA-62,155,,11.8,13.135593220339000,,,POH,7,91.949152542373
27,Diamond,Diamond DA-62,141,,9.7,14.536082474226800,,,POH,7,101.752577319588
28,Diamond,Diamond DA-62,187,,17.3,10.809248554913300,,,POH,7,75.6647398843931
29,Diamond,Diamond DA-62,175,,14.8,11.824324324324300,,,POH,7,82.7702702702701
30,Diamond,Diamond DA-62,158,,11.8,13.389830508474600,,,POH,7,93.7288135593222
31,Diamond,Diamond DA-62,143,,9.7,14.742268041237100,,,POH,7,103.19587628866
32,Diamond,Diamond DA-62,184,,15.7,11.719745222929900,,,POH,7,82.0382165605093
33,Diamond,Diamond DA-62,178,,14.8,12.027027027027000,,,POH,7,84.189189189189
34,Diamond,Diamond DA-62,161,,11.8,13.64406779661020,,,POH,7,95.5084745762714
35,Diamond,Diamond DA-62,153,,10.7,14.29906542056080,,,POH,7,100.093457943926
36,Diamond,Diamond DA-62,182,,14.8,12.297297297297300,,,POH,7,86.0810810810811
37,Diamond,Diamond DA-62,163,,11.8,13.813559322033900,,,POH,7,96.6949152542373
0,Diamond,Diamond DA-42,119,,7.5,15.866666666666700,,,POH,4,63.4666666666668
1,Diamond,Diamond DA-42,128,,8.8,14.545454545454500,,,POH,4,58.181818181818
2,Diamond,Diamond DA-42,138,,10.5,13.142857142857100,,,POH,4,52.5714285714284
3,Diamond,Diamond DA-42,144,,12.5,11.52,,,POH,4,46.08
4,Diamond,Diamond DA-42,151,,14.5,10.413793103448300,,,POH,4,41.6551724137932
5,Diamond,Diamond DA-42,156,,16.6,9.397590361445780,,,POH,4,37.5903614457831
6,Diamond,Diamond DA-42,121,,7.5,16.133333333333300,,,POH,4,64.5333333333332
7,Diamond,Diamond DA-42,131,,8.8,14.886363636363600,,,POH,4,59.5454545454544
8,Diamond,Diamond DA-42,140,,10.5,13.333333333333300,,,POH,4,53.3333333333332
9,Diamond,Diamond DA-42,148,,12.5,11.84,,,POH,4,47.36
10,Diamond,Diamond DA-42,154,,14.5,10.620689655172400,,,POH,4,42.4827586206896
11,Diamond,Diamond DA-42,159,,16.6,9.578313253012050,,,POH,4,38.3132530120482
12,Diamond,Diamond DA-42,123,,7.5,16.4,,,POH,4,65.6
13,Diamond,Diamond DA-42,133,,8.8,15.113636363636400,,,POH,4,60.4545454545456
14,Diamond,Diamond DA-42,143,,10.5,13.619047619047600,,,POH,4,54.4761904761904
15,Diamond,Diamond DA-42,150,,12.5,12.0,,,POH,4,48
16,Diamond,Diamond DA-42,157,,14.5,10.827586206896600,,,POH,4,43.3103448275864
17,Diamond,Diamond DA-42,162,,16.6,9.759036144578310,,,POH,4,39.0361445783132
18,Diamond,Diamond DA-42,125,,7.5,16.666666666666700,,,POH,4,66.6666666666668
19,Diamond,Diamond DA-42,135,,8.8,15.34090909090910,,,POH,4,61.3636363636364
20,Diamond,Diamond DA-42,145,,10.5,13.80952380952380,,,POH,4,55.2380952380952
21,Diamond,Diamond DA-42,153,,12.5,12.24,,,POH,4,48.96
22,Diamond,Diamond DA-42,160,,14.5,11.03448275862070,,,POH,4,44.1379310344828
23,Diamond,Diamond DA-42,163,,16.6,9.819277108433730,,,POH,4,39.2771084337349
24,Diamond,Diamond DA-42,127,,7.5,16.933333333333300,,,POH,4,67.7333333333332
25,Diamond,Diamond DA-42,138,,8.8,15.68181818181820,,,POH,4,62.7272727272728
26,Diamond,Diamond DA-42,148,,10.5,14.095238095238100,,,POH,4,56.3809523809524
27,Diamond,Diamond DA-42,156,,12.5,12.48,,,POH,4,49.92
28,Diamond,Diamond DA-42,163,,14.5,11.241379310344800,,,POH,4,44.9655172413792
29,Diamond,Diamond DA-42,163,,16.6,9.819277108433730,,,POH,4,39.2771084337349
30,Diamond,Diamond DA-42,128,,7.5,17.066666666666700,,,POH,4,68.2666666666668
31,Diamond,Diamond DA-42,141,,8.8,16.02272727272730,,,POH,4,64.0909090909092
32,Diamond,Diamond DA-42,152,,10.5,14.476190476190500,,,POH,4,57.904761904762
33,Diamond,Diamond DA-42,159,,12.5,12.72,,,POH,4,50.88
34,Diamond,Diamond DA-42,162,,14.5,11.172413793103400,,,POH,4,44.6896551724136
35,Diamond,Diamond DA-42,162,,16.6,9.759036144578310,,,POH,4,39.0361445783132
36,Diamond,Diamond DA-42,131,,7.5,17.466666666666700,,,POH,4,69.8666666666668
37,Diamond,Diamond DA-42,143,,8.8,16.25,,,POH,4,65
38,Diamond,Diamond DA-42,155,,10.5,14.761904761904800,,,POH,4,59.0476190476192
39,Diamond,Diamond DA-42,162,,12.5,12.96,,,POH,4,51.84
40,Diamond,Diamond DA-42,162,,14.5,11.172413793103400,,,POH,4,44.6896551724136
41,Diamond,Diamond DA-42,162,,16.6,9.759036144578310,,,POH,4,39.0361445783132
42,Diamond,Diamond DA-42,133,,7.5,17.733333333333300,,,POH,4,70.9333333333332
43,Diamond,Diamond DA-42,146,,8.8,16.59090909090910,,,POH,4,66.3636363636364
44,Diamond,Diamond DA-42,156,,10.5,14.857142857142900,,,POH,4,59.4285714285716
45,Diamond,Diamond DA-42,156,,12.5,12.48,,,POH,4,49.92
46,Diamond,Diamond DA-42,156,,14.5,10.758620689655200,,,POH,4,43.0344827586208
47,Diamond,Diamond DA-42,156,,16.6,9.397590361445780,,,POH,4,37.5903614457831
48,Diamond,Diamond DA-42,135,,7.5,18.0,,,POH,4,72
49,Diamond,Diamond DA-42,149,,8.8,16.93181818181820,,,POH,4,67.7272727272728
50,Diamond,Diamond DA-42,157,,10.5,14.952380952381000,,,POH,4,59.809523809524
51,Diamond,Diamond DA-42,157,,12.5,12.56,,,POH,4,50.24
52,Diamond,Diamond DA-42,157,,14.5,10.827586206896600,,,POH,4,43.3103448275864
53,Diamond,Diamond DA-42,157,,16.6,9.457831325301200,,,POH,4,37.8313253012048
0,Sling,Sling TSI,135,,7.4,18.243243243243200,,,POH,4,72.9729729729728
1,Sling,Sling TSI,136,,7.4,18.37837837837840,,,POH,4,73.5135135135136
2,Sling,Sling TSI,138,,7.4,18.64864864864870,,,POH,4,74.5945945945948
3,Sling,Sling TSI,139,,7.4,18.783783783783800,,,POH,4,75.1351351351352
4,Sling,Sling TSI,141,,7.4,19.054054054054100,,,POH,4,76.2162162162164
5,Sling,Sling TSI,142,,7.4,19.18918918918920,,,POH,4,76.7567567567568
6,Sling,Sling TSI,143,,7.4,19.324324324324300,,,POH,4,77.2972972972972
7,Sling,Sling TSI,145,,7.4,19.594594594594600,,,POH,4,78.3783783783784
8,Sling,Sling TSI,146,,7.4,19.72972972972970,,,POH,4,78.9189189189188
9,Sling,Sling TSI,147,,7.4,19.864864864864900,,,POH,4,79.4594594594596
10,Sling,Sling TSI,149,,7.4,20.135135135135100,,,POH,4,80.5405405405404
11,Sling,Sling TSI,150,,7.4,20.27027027027030,,,POH,4,81.0810810810812
12,Sling,Sling TSI,152,,7.4,20.54054054054050,,,POH,4,82.162162162162
13,Sling,Sling TSI,153,,7.4,20.675675675675700,,,POH,4,82.7027027027028
14,Sling,Sling TSI,154,,7.4,20.81081081081080,,,POH,4,83.2432432432432
15,Sling,Sling TSI,156,,7.4,21.08108108108110,,,POH,4,84.3243243243244
16,Sling,Sling TSI,157,,7.4,21.216216216216200,,,POH,4,84.8648648648648
17,Sling,Sling TSI,159,,7.4,21.486486486486500,,,POH,4,85.945945945946
18,Sling,Sling TSI,160,,7.4,21.62162162162160,,,POH,4,86.4864864864864
19,Sling,Sling TSI,130,,7.13,18.2328190743338,,,POH,4,72.9312762973352
20,Sling,Sling TSI,131,,7.13,18.373071528751800,,,POH,4,73.4922861150072
21,Sling,Sling TSI,133,,7.13,18.65357643758770,,,POH,4,74.6143057503508
22,Sling,Sling TSI,134,,7.13,18.79382889200560,,,POH,4,75.1753155680224
23,Sling,Sling TSI,136,,7.13,19.074333800841500,,,POH,4,76.297335203366
24,Sling,Sling TSI,137,,7.13,19.214586255259500,,,POH,4,76.858345021038
25,Sling,Sling TSI,138,,7.13,19.35483870967740,,,POH,4,77.4193548387096
26,Sling,Sling TSI,140,,7.13,19.635343618513300,,,POH,4,78.5413744740532
27,Sling,Sling TSI,141,,7.13,19.775596072931300,,,POH,4,79.1023842917252
28,Sling,Sling TSI,142,,7.13,19.91584852734920,,,POH,4,79.6633941093968
29,Sling,Sling TSI,144,,7.13,20.196353436185100,,,POH,4,80.7854137447404
30,Sling,Sling TSI,145,,7.13,20.336605890603100,,,POH,4,81.3464235624124
31,Sling,Sling TSI,147,,7.13,20.61711079943900,,,POH,4,82.468443197756
32,Sling,Sling TSI,148,,7.13,20.757363253856900,,,POH,4,83.0294530154276
33,Sling,Sling TSI,149,,7.13,20.897615708274900,,,POH,4,83.5904628330996
34,Sling,Sling TSI,151,,7.13,21.1781206171108,,,POH,4,84.7124824684432
35,Sling,Sling TSI,152,,7.13,21.318373071528800,,,POH,4,85.2734922861152
36,Sling,Sling TSI,154,,7.13,21.598877980364700,,,POH,4,86.3955119214588
37,Sling,Sling TSI,155,,7.13,21.73913043478260,,,POH,4,86.9565217391304
0,Mooney,Mooney M20J,156,,10.8,14.444444444444400,,,POH,4,57.7777777777776
1,Mooney,Mooney M20J,152,,10.3,14.757281553398100,,,POH,4,59.0291262135924
2,Mooney,Mooney M20J,147,,9.7,15.154639175257700,,,POH,4,60.6185567010308
3,Mooney,Mooney M20J,142,,9.2,15.434782608695700,,,POH,4,61.7391304347828
4,Mooney,Mooney M20J,136,,8.6,15.813953488372100,,,POH,4,63.2558139534884
5,Mooney,Mooney M20J,113,,7.0,16.142857142857100,,,POH,4,64.5714285714284
6,Mooney,Mooney M20J,156,,10.5,14.857142857142900,,,POH,4,59.4285714285716
7,Mooney,Mooney M20J,152,,10.0,15.2,,,POH,4,60.8
8,Mooney,Mooney M20J,142,,8.9,15.95505617977530,,,POH,4,63.8202247191012
9,Mooney,Mooney M20J,136,,8.3,16.385542168674700,,,POH,4,65.5421686746988
10,Mooney,Mooney M20J,130,,7.8,16.666666666666700,,,POH,4,66.6666666666668
11,Mooney,Mooney M20J,113,,6.8,16.61764705882350,,,POH,4,66.470588235294
12,Mooney,Mooney M20J,156,,10.3,15.145631067961200,,,POH,4,60.5825242718448
13,Mooney,Mooney M20J,147,,9.2,15.978260869565200,,,POH,4,63.9130434782608
14,Mooney,Mooney M20J,136,,8.1,16.790123456790100,,,POH,4,67.1604938271604
15,Mooney,Mooney M20J,122,,7.0,17.428571428571400,,,POH,4,69.7142857142856
16,Mooney,Mooney M20J,111,,6.4,17.34375,,,POH,4,69.375
17,Mooney,Mooney M20J,150,,9.3,16.129032258064500,,,POH,4,64.516129032258
18,Mooney,Mooney M20J,136,,7.8,17.435897435897400,,,POH,4,69.7435897435896
19,Mooney,Mooney M20J,130,,7.3,17.808219178082200,,,POH,4,71.2328767123288
20,Mooney,Mooney M20J,122,,6.8,17.941176470588200,,,POH,4,71.7647058823528
21,Mooney,Mooney M20J,106,,5.9,17.966101694915300,,,POH,4,71.8644067796612
22,Mooney,Mooney M20J,134,,7.4,18.10810810810810,,,POH,4,72.4324324324324
23,Mooney,Mooney M20J,130,,7.1,18.30985915492960,,,POH,4,73.2394366197184
24,Mooney,Mooney M20J,122,,6.5,18.76923076923080,,,POH,4,75.0769230769232
25,Mooney,Mooney M20J,103,,5.6,18.392857142857100,,,POH,4,73.5714285714284
0,DarkAero,DarkAero 1,238.9684,275,11,21.7244,,,Projected,2,43.4488
1,DarkAero,DarkAero 1,221.58888,255,8,27.69861,,,Projected,2,55.39722
0,Lancair,Lancair Legacy RG,200,,9.8,20.408163265306100,,,Pi In the Ski,2,40.8163265306122
1,Lancair,Lancair Legacy RG,220,,11.0,20.0,,,Pi In the Ski,2,40
2,Lancair,Lancair Legacy RG,230,,13.0,17.692307692307700,,,Pi In the Ski,2,35.3846153846154
0,Lancair,Lancair LX-7,250,,17.0,14.70588,,,https://www.youtube.com/watch?v=j6e_bmpvbQQ,4,58.82352
1,Lancair,Lancair LX-7,260,,24.0,10.83333,,,https://www.youtube.com/watch?v=j6e_bmpvbQQ,4,43.33332
2,Lancair,Lancair LX-7,235,,17.0,13.823534,,,https://www.youtube.com/watch?v=BttLLRzk82M,4,55.294136
3,Lancair,Lancair LX-7,242,,17.0,14.235294,,,https://www.youtube.com/watch?v=BttLLRzk82M,4,56.941176
0,Lancair,Lancair Legacy RG,226,,15.5,14.6,,,Sample POH,2,29.2
0,Lancair,Lancair Legacy RG,222,,14.9,14.9,,,Sample POH,2,29.8
0,Lancair,Lancair Legacy RG,218,,14,15.6,,,Sample POH,2,31.2
0,Lancair,Lancair Legacy RG,210,,12.8,16.4,,,Sample POH,2,32.8
0,Lancair,Lancair Legacy RG,207,,12.3,16.8,,,Sample POH,2,33.6
0,Lancair,Lancair Legacy RG,194,,11.2,17.3,,,Sample POH,2,34.6
0,Lancair,Lancair Legacy RG,184,,11,17.6,,,Sample POH,2,35.2
0,Lancair,Lancair Legacy RG,172,,9.4,18.3,,,Sample POH,2,36.6
0,Lancair,Lancair Legacy RG,169,,9.2,18.4,,,Sample POH,2,36.8
0,Lancair,Lancair Legacy RG,152,,7.9,19.2,,,Sample POH,2,38.4
0,Lancair,Lancair Legacy RG,148,,7.8,19,,,Sample POH,2,38
0,Lancair,Lancair Legacy RG,220,,14.2,15.5,,,Sample POH,2,31
0,Lancair,Lancair Legacy RG,217,,13.6,15.9,,,Sample POH,2,31.8
0,Lancair,Lancair Legacy RG,203,,12,16,,,Sample POH,2,32
0,Lancair,Lancair Legacy RG,202,,11.5,16.9,,,Sample POH,2,33.8
0,Lancair,Lancair Legacy RG,181,,10.1,17.9,,,Sample POH,2,35.8
0,Lancair,Lancair Legacy RG,178,,9.8,18.2,,,Sample POH,2,36.4
0,Lancair,Lancair Legacy RG,163,,8.5,19.2,,,Sample POH,2,38.4
0,Lancair,Lancair Legacy RG,164,,8.3,19.8,,,Sample POH,2,39.6
0,Lancair,Lancair Legacy RG,164,,8.2,20,,,Sample POH,2,40
0,Lancair,Lancair Legacy RG,164,,8.1,20.2,,,Sample POH,2,40.4
0,Lancair,Lancair Legacy RG,164,,8,20.5,,,Sample POH,2,41
0,Lancair,Lancair Legacy RG,220,,13.2,16.6,,,Sample POH,2,33.2
0,Lancair,Lancair Legacy RG,215,,12.6,17.1,,,Sample POH,2,34.2
0,Lancair,Lancair Legacy RG,214,,11,19.4,,,Sample POH,2,38.8
0,Lancair,Lancair Legacy RG,216,,11.4,18.9,,,Sample POH,2,37.8
0,Lancair,Lancair Legacy RG,183,,9.5,19.3,,,Sample POH,2,38.6
0,Lancair,Lancair Legacy RG,179,,9.4,19,,,Sample POH,2,38
0,Lancair,Lancair Legacy RG,172,,8.2,21,,,Sample POH,2,42
0,Lancair,Lancair Legacy RG,166,,8.2,20.2,,,Sample POH,2,40.4
0,Lancair,Lancair Legacy RG,217,,12.2,17.8,,,Sample POH,2,35.6
0,Lancair,Lancair Legacy RG,214,,11.6,18.4,,,Sample POH,2,36.8
0,Lancair,Lancair Legacy RG,195,,10.2,19.1,,,Sample POH,2,38.2
0,Lancair,Lancair Legacy RG,192,,9.7,19.8,,,Sample POH,2,39.6
0,Lancair,Lancair Legacy RG,180,,8.7,20.6,,,Sample POH,2,41.2
0,Lancair,Lancair Legacy RG,177,,8.5,20.8,,,Sample POH,2,41.6
0,Lancair,Lancair Legacy RG,208,,11.5,18.1,,,Sample POH,2,36.2
0,Lancair,Lancair Legacy RG,206,,11,18.7,,,Sample POH,2,37.4
0,Lancair,Lancair Legacy RG,185,,9.4,19.7,,,Sample POH,2,39.4
0,Lancair,Lancair Legacy RG,185,,9.3,19.9,,,Sample POH,2,39.8
0,Lancair,Lancair Legacy RG,171,,8.2,20.9,,,Sample POH,2,41.8
0,Lancair,Lancair Legacy RG,170,,8,20.8,,,Sample POH,2,41.6
0,Lancair,Lancair Legacy RG,208,,11.5,18.1,,,Sample POH,2,36.2
0,Lancair,Lancair Legacy RG,206,,11,18.7,,,Sample POH,2,37.4
0,Lancair,Lancair Legacy RG,185,,9.4,19.7,,,Sample POH,2,39.4
0,Lancair,Lancair Legacy RG,185,,9.3,19.9,,,Sample POH,2,39.8
0,Lancair,Lancair Legacy RG,171,,8.2,20.9,,,Sample POH,2,41.8
0,Lancair,Lancair Legacy RG,170,,8,21.2,,,Sample POH,2,42.4
0,Lancair,Lancair Legacy RG,208,,10.8,19.2,,,Sample POH,2,38.4
0,Lancair,Lancair Legacy RG,185,,8.4,21.8,,,Sample POH,2,43.6
0,Lancair,Lancair Legacy RG,176,,7.9,22.3,,,Sample POH,2,44.6
0,Lancair,Lancair Legacy RG,205,,10.2,20.1,,,Sample POH,2,40.2
0,Lancair,Lancair Legacy RG,193,,9,21.4,,,Sample POH,2,42.8
0,Lancair,Lancair Legacy RG,182,,8.1,22.5,,,Sample POH,2,45
0,Lancair,Lancair Legacy RG,173,,7.5,23,,,Sample POH,2,46
0,Lancair,Lancair Legacy RG,202,,9.6,21.1,,,Sample POH,2,42.2
0,Lancair,Lancair Legacy RG,197,,8.8,22.4,,,Sample POH,2,44.8
0,Lancair,Lancair Legacy RG,189,,8.1,23.3,,,Sample POH,2,46.6
0,Lancair,Lancair Legacy RG,182,,7.8,23.3,,,Sample POH,2,46.6
0,Lancair,Lancair Legacy RG,176,,7.4,23.8,,,Sample POH,2,47.6
0,Glasair,Glasair III,216,,11.6,18.62,,,POH,2,37.24
0,Glasair,Glasair III,234,,13.8,16.9565,,,POH,2,33.913
0,Glasair,Glasair III,245,,16.4,14.939,,,POH,2,29.878